{
  "a": 0.10323385541791937,
  "b": -6.087709679595977,
  "note": "calibrated_SMM=sigmoid(a*logit+b)",
  "sample": 150000,
  "calib_rate": 0.0008560976588976296
}