{
  "a": 0.49342167818709687,
  "b": -4.840436172023477,
  "note": "calibrated_SMM=sigmoid(a*logit+b)",
  "sample": 150000,
  "calib_rate": 0.000631771818995715
}